
                                     -- CREATING TABLES AND INSERTING VALUES
CREATE TABLE  REGISTER 
   (reg_id int NOT NULL, 
	date_reg DATE NOT NULL,
	city VARCHAR(255) NOT NULL, 
	area_code int NOT NULL, 
	vehicle_id int NOT NULL,
    CONSTRAINT reg_reg_id_pk PRIMARY KEY (reg_id),
    CONSTRAINT reg_vehicle_id_fk FOREIGN KEY (vehicle_id) references vehicledetails(vehicle_id)
   );
   INSERT INTO REGISTER
VALUES (4655,CURDATE(),'Rawalpindi',40001,5564); 
   INSERT INTO REGISTER
VALUES (4656,CURDATE(),'SHEIKHUPURA',40055,5565);
   INSERT INTO REGISTER
VALUES (4657,CURDATE(),'JHANG',35200,5566);
   INSERT INTO REGISTER
VALUES (4658,CURDATE(),'FAISALABAD',30000,5567);
  INSERT INTO REGISTER
VALUES (4659,CURDATE(),'MANDIBAHAUDDIN',300121,5568);
  INSERT INTO REGISTER
VALUES (4660,CURDATE(),'CHINNIOT',300120,5569);
  INSERT INTO REGISTER
VALUES (4661,CURDATE(),'BAHAWALPUR',300123,5570);
  INSERT INTO REGISTER
VALUES (4662,CURDATE(),'BAHAWALNAGAR',300124,5571);
  INSERT INTO REGISTER
VALUES (4663,CURDATE(),'SAMUNDRI',300125,5572);
  INSERT INTO REGISTER
VALUES (4664,CURDATE(),'LAHORE',300126,5573);
  INSERT INTO REGISTER
VALUES (4665,CURDATE(),'LAHORE',300126,5574);
  INSERT INTO REGISTER
VALUES (4666,CURDATE(),'LAHORE',300126,5575);
  INSERT INTO REGISTER
VALUES (4667,CURDATE(),'LAHORE',300126,5576);
  INSERT INTO REGISTER
VALUES (4668,CURDATE(),'ISLAMABAD',300050,5577);
  INSERT INTO REGISTER
VALUES (4669,CURDATE(),'ISLAMABAD',300050,5578);
create table Ownerdetails
(
owner_id int,
cnic varchar(13),
full_name varchar(255),
f_h_name varchar(255),
profession varchar(255),
address varchar(255),
PRIMARY KEY (owner_id)
);
INSERT INTO OWNERDETAILS
VALUES (4430,3320214501585,'AHMED HASSAN','HASSAN KHAN','BUSINESSMAN','D-BLOCK DHA LAHORE');
INSERT INTO OWNERDETAILS
VALUES (4431,3320214501584,'ZARTAJ GUL','MIAN NASIR','BUSINESSMAN',' STREET#3 FAISLABAD ROAD SHEIKHUPURAA');    
INSERT INTO OWNERDETAILS
VALUES (4432,3320214301585,'HABIB AHMED','HASSAN AHMED','JOB','MOHALLAH RAFIQUBAD GOJRA ROAD JHANG');
INSERT INTO OWNERDETAILS
VALUES (4433,3123414201585,'AWAIS ASIM','ASIM KHAN','JOB','BILAL TOWN FAISALABAD');
INSERT INTO OWNERDETAILS
VALUES (4434,3320276543497,'USAMA AHMED','JAMEEL KHAN','LANDLORD','CHAK# 345 MANDI BAHAUDDIN');
INSERT INTO OWNERDETAILS
VALUES (4435,3320212543497,'HABIB HAIDER','MUHAMMAD HABIB','LANDLORD','RASHEEDPURA CHINIOT');
INSERT INTO OWNERDETAILS
VALUES (4436,3322212543497,'RIZWAN JAVED','MUHAMMAD JAVED','BUSINESSMAN','D BLOCK DHA BAHAWALPUR');
INSERT INTO OWNERDETAILS
VALUES (4437,3322212540097,'UMAIR WAHEED','WAHEED AHMED','JOB','OPP. GOVT GIRLS HIGHT SCHOOL  BAHAWALNAGAR');
INSERT INTO OWNERDETAILS
VALUES (4438,3322212443497,'RIZWAN HABIB','HABIB JAVED','BUSINESSMAN','FAISALABAD ROAD SAMUNDRI');
INSERT INTO OWNERDETAILS
VALUES (4439,3022212443497,'MEHBOOB ZAKIR','ZAKIR KHAN','BUSINESSMAN','Z BLOCK BAHRIA TOWN LAHORE');
INSERT INTO OWNERDETAILS
VALUES (4440,3022212443490,'WAQAR HABIB','HABIB SULTAN','JOB','P BLOCK BAHRIA TOWN LAHORE');
INSERT INTO OWNERDETAILS
VALUES (4441,3022212440490,'SHEIKH ABDULLAH','SHEIKH WAQAR','JOB','GULSHAN E RAVI LAHORE');
INSERT INTO OWNERDETAILS
VALUES (4442,3022212410490,'ZUNAIR AHMED','AHMED IJAZ','JOB','RA BAZAR STREET LAHORE');
INSERT INTO OWNERDETAILS
VALUES (4443,3022212140490,'MUHAMMAD HUSSAIN','KHUDA YAR KHAN','JOB','OFFICER COLONY NIAB ISLAMABAD');
INSERT INTO OWNERDETAILS
VALUES (4444,3922212442360,'KANWAR MOEEZ KHAN','MOEEZ KHAN','BUSINESSMAN','TOP CITY 1 ISLAMABAD');
CREATE TABLE  VEHICLEDETAILS 
   (	VEHICLE_ID int NOT NULL, 
	CHASIS_NUM VARCHAR(255), 
	ENGINE_NUM VARCHAR(255), 
	LICENSE_NUM VARCHAR(255), 
	MAKE VARCHAR(255), 
	MODEL VARCHAR(255), 
	COLOR VARCHAR(255), 
	HP_CC int, 
	M_YEAR int, 
	SEATS int, 
	REG_ID int NOT NULL,
    owner_id int,
    CONSTRAINT vehicledetails_veh_id_pk PRIMARY KEY (VEHICLE_ID),
	FOREIGN KEY (owner_id) references ownerdetails(owner_id)
   );
   INSERT INTO VEHICLEDETAILS
   VALUES (5564,'3A45FS567','43567896','LEC-1010','TOYOTA','FORTUNER 2.8L DIESEL','BLACK',162,2019,5,4655,4430);
      INSERT INTO VEHICLEDETAILS
   VALUES (5565,'3A42F4567','43560096','SKP-3452','NISSAN','DAISY','WHITE',67,2014,5,4656,4431);
      INSERT INTO VEHICLEDETAILS
   VALUES (5566,'3A44F4567','43561196','JHG-1500','HONDA','CITY ASPIRE','BLACK',162,2019,5,4657,4432);
      INSERT INTO VEHICLEDETAILS
   VALUES (5567,'3A45F4547','43567796','FDA-1000','SUZUKI','HAYABUSA','RED',100,2014,2,4658,4433);
   INSERT INTO VEHICLEDETAILS
   VALUES (5568,'3A46F4549','43811236','MBK-1031','SUZUKI','MEHRAN','WHITE',800,2004,5,4659,4434);
   INSERT INTO VEHICLEDETAILS
   VALUES (5569,'3A45G8545','53567886','FAK-0869','TOYOTA','PRIUS','GREY',1800,2015,5,4660,4435);
   INSERT INTO VEHICLEDETAILS
   VALUES (5570,'3A45G8545','44567900','BAK-0869','SUZUKI','BOLAN','WHITE',1000,2012,5,4661,4436);
   INSERT INTO VEHICLEDETAILS
   VALUES (5571,'4A45F9321','44568000','BAG-2811','HONDA','CITY','SILVER',1400,2018,5,4662,4437);
	INSERT INTO VEHICLEDETAILS
   VALUES (5572,'3B35D0001','41566999','SUN-8722','TOYOTA','COROLLA','WHITE',1600,2015,5,4663,4438);
   INSERT INTO VEHICLEDETAILS
   VALUES (5573,'4A45F9321','464684343','LHR-4444','HONDA','HONDACD125','RED',125,2016,2,4664,4439);
  INSERT INTO VEHICLEDETAILS
   VALUES (5574,'3X25Z0007','466660003','LEL-0694','HONDA','HONDACD70','RED',70,2016,2,4665,4440);
   INSERT INTO VEHICLEDETAILS
   VALUES (5575,'3A4DF5301','469681811','LHE-4700','SUZUKI','WAGON-R','SPACEGREY',1000,2017,5,4666,4441);
   INSERT INTO VEHICLEDETAILS
   VALUES (5576,'3A4DF5301','447001813','LEL-2341','SUZUKI','WAGON-R','WHITE',1000,2010,5,4667,4442);
   INSERT INTO VEHICLEDETAILS
   VALUES (5577,'4A4DX0987','447087630','ICT-8761','YAMAHA','R6','BLACK',600,2014,2,4668,4443);
   INSERT INTO VEHICLEDETAILS
   VALUES (5578,'3U4DY0999','447080002','ICT-2345','TOYOTA','GRANDE','WHITE',1800,2014,5,4669,4444);
create table nonfiler
(TAX_ID int,
cnic VARCHAR(13) NOT NULL,
reg_id int NOT NULL,
token_tax_amount int,
CONSTRAINT nonfiler_tax_id_pk PRIMARY KEY (TAX_ID)
); 
INSERT INTO NONFILER
VALUES (7768,3320214301585,4657,27000);
create table imported
(import_id int NOT NULL,
year_of_import int,
country_of_import varchar(255),
vehicle_id int NOT NULL,
PRIMARY KEY (IMPORT_ID)
);
INSERT INTO IMPORTED
VALUES (1241,2014,'JAPAN',4656);
create table exempted
( TAX_ID INT,
govt_inst varchar(255),
welfare_org varchar(255),
reg_id int,
PRIMARY KEY (TAX_ID)
);
INSERT INTO EXEMPTED 
VALUES (7766,'FIA LAHORE',NULL,5564);
create table filer
( TAX_ID INT,
ntn_number VARCHAR(255) NOT NULL,
vehicle_id int,
token_tax_amount int,
PRIMARY KEY (tax_id)
);
INSERT INTO FILER
VALUES (7767,565777898,5565,'30000');
INSERT INTO FILER
VALUES (7769,323455644,5567,'99000');
create table previous_owner 
( p_owner_ID int,
cnic VARCHAR(13),
po_name varchar(255),
f_h_name varchar(20),
vehicle_id int,
PRIMARY KEY (p_owner_ID)
);
INSERT INTO PREVIOUS_OWNER
VALUES (3245,'3320214501584','UMER ZAHEER','MALIK ASAD',5565); 
INSERT INTO PREVIOUS_OWNER
VALUES (3246,'3123414201585','FAYYAZ HUSSAIN','HAJI KHUDAYAR',5567);   
create table n_user
(login_ID int not null,
cnic varchar(13),
PRIMARY KEY (login_id)
);
INSERT INTO N_USER
VALUES (6511,3320214501585);
INSERT INTO N_USER
VALUES (6512,3320214501584);
INSERT INTO N_USER
VALUES (6513,3320214301585);
INSERT INTO N_USER
VALUES (6514,3123414201585);
create table bikes
(
bike_id  int not null,
engine_type varchar(255),
body_type varchar(255),
import_id int,
PRIMARY KEY (bike_id)
);
INSERT INTO BIKES
VALUES (5567,'DOHC','SUPER BIKE',1243);
INSERT INTO BIKES
VALUES (5573,'4-STROKE','MOTOR BIKE',NULL);
INSERT INTO BIKES
VALUES (5574,'4-STROKE','MOTOR BIKE',NULL);
INSERT INTO BIKES
VALUES (5577,'DOHC','SUPER BIKE',1244);
create table sysadmin
(login_ID int,
admin_pin int,
PRIMARY KEY (login_id)
); 
INSERT INTO SYSADMIN
VALUES (4033,NULL);
create table cars
(
car_id  int not null,
engine_type varchar(255),
body_type varchar(255),
import_ID int,
PRIMARY KEY (CAR_ID)
);
INSERT INTO CARS
VALUES (5564,'Diesel','SUV',NULL);
INSERT INTO CARS
VALUES (5565,'PETROL','HATCHBACK',1241);
INSERT INTO CARS
VALUES (5566,'PETROL','SEDAN',NULL);
INSERT INTO CARS
VALUES (5568,'PETROL','CAR',NULL);
INSERT INTO CARS
VALUES (5569,'HYBRID','HATCHBACK',NULL);
INSERT INTO CARS
VALUES (5570,'PETROL','CARGO',NULL);
INSERT INTO CARS
VALUES (5571,'PETROL','SEDAN',NULL);
INSERT INTO CARS
VALUES (5572,'PETROL','SEDAN',NULL);
INSERT INTO CARS
VALUES (5575,'PETROL','HATCHBACK',NULL);
INSERT INTO CARS
VALUES (5576,'PETROL','HATCHBACK',NULL);
INSERT INTO CARS
VALUES (5578,'PETROL','SEDAN',NULL);

create table login 
(login_ID int not null,
login_username varchar(255),
login_password varchar(255),
PRIMARY KEY (login_id)
);
INSERT INTO LOGIN
VALUES (4033,'ADMIN',NULL);
INSERT INTO LOGIN
VALUES (6511,'AMHD3',NULL);
INSERT INTO LOGIN
VALUES (6512,'ZTJW5',NULL);
INSERT INTO LOGIN
VALUES (6513,'ALIIII',NULL);
INSERT INTO LOGIN
VALUES (6514,'FYZHH',NULL);